1;juan;"perez garcia";2daw;"el bosque"
2;pedro;"romero garcia";1daw;Ubrique
3;maria;"rodriguez perez";1daw;Ubrique
1;juan;"perez garcia";2daw;"el bosque"
2;pedro;"romero garcia";1daw;Ubrique
3;maria;"rodriguez perez";1daw;Ubrique
1;juan;"perez garcia";2daw;"el bosque"
2;pedro;"romero garcia";1daw;Ubrique
3;maria;"rodriguez perez";1daw;Ubrique
1;juan;"perez garcia";2daw;"el bosque"
2;pedro;"romero garcia";1daw;Ubrique
3;maria;"rodriguez perez";1daw;Ubrique
1;juan;"perez garcia";2daw;"el bosque"
2;pedro;"romero garcia";1daw;Ubrique
3;maria;"rodriguez perez";1daw;Ubrique
